{"cameraMode":{"drawMode":0,"name":"Shaded","section":"Shading Mode"},"sceneLighting":true,"audioPlay":false,"sceneViewState":{"m_AlwaysRefresh":false,"showFog":true,"showSkybox":true,"showFlares":true,"showImageEffects":true,"showParticleSystems":true,"showVisualEffectGraphs":true,"m_FxEnabled":true},"in2DMode":false,"pivot":{"x":-1.9054045677185059,"y":0.4658321738243103,"z":7.849340438842773},"rotation":{"x":-0.0029995592776685955,"y":0.01349919568747282,"z":0.00004040816565975547,"w":0.9999021291732788},"size":13.190000534057618,"orthographic":false}