{"cameraMode":{"drawMode":0,"name":"Shaded","section":"Shading Mode"},"sceneLighting":true,"audioPlay":false,"sceneViewState":{"m_AlwaysRefresh":false,"showFog":true,"showSkybox":true,"showFlares":true,"showImageEffects":true,"showParticleSystems":true,"showVisualEffectGraphs":true,"m_FxEnabled":true},"in2DMode":false,"pivot":{"x":269.53204345703127,"y":239.29595947265626,"z":2.2464599609375},"rotation":{"x":0.013498743996024132,"y":0.008999177254736424,"z":-0.00012718449579551816,"w":0.9998483061790466},"size":285.9570617675781,"orthographic":false}