{"cameraMode":{"drawMode":0,"name":"Shaded","section":"Shading Mode"},"sceneLighting":true,"audioPlay":false,"sceneViewState":{"m_AlwaysRefresh":false,"showFog":true,"showSkybox":true,"showFlares":true,"showImageEffects":true,"showParticleSystems":true,"showVisualEffectGraphs":true,"m_FxEnabled":true},"in2DMode":false,"pivot":{"x":11.135324478149414,"y":1.0592107772827149,"z":0.464447021484375},"rotation":{"x":0.013498743996024132,"y":0.008999177254736424,"z":-0.00012718449579551816,"w":0.9998483061790466},"size":13.077563285827637,"orthographic":false}