{"cameraMode":{"drawMode":0,"name":"Shaded","section":"Shading Mode"},"sceneLighting":true,"audioPlay":false,"sceneViewState":{"m_AlwaysRefresh":false,"showFog":true,"showSkybox":true,"showFlares":true,"showImageEffects":true,"showParticleSystems":true,"showVisualEffectGraphs":true,"m_FxEnabled":true},"in2DMode":false,"pivot":{"x":-3.9652047157287599,"y":-4.253684043884277,"z":33.66233444213867},"rotation":{"x":0.0734337717294693,"y":0.001495884032920003,"z":-0.00011014722258551046,"w":0.9972983598709106},"size":28.760133743286134,"orthographic":false}